{
 "PlatformInfo": {
  "Platform": {
   "Name": "Web",
   "BasePlatform": "Web",
   "Generator": "2024.1.1.8691"
  },
  "RootPaths": {
   "ProjectRoot": "../..",
   "SourceFilesRoot": "../../.cache",
   "SoundBanksRoot": ".",
   "ExternalSourcesInputFile": "",
   "ExternalSourcesOutputRoot": "."
  },
  "DefaultAlign": "16",
  "Settings": {
   "AutoSoundBankDefinition": "false",
   "CopyLooseStreamedMediaFiles": "true",
   "SubFoldersForGeneratedFiles": "false",
   "RemoveUnusedGeneratedFiles": "true",
   "SourceControlGeneratedFiles": "false",
   "GenerateHeaderFile": "true",
   "GenerateContentTxtFile": "true",
   "GenerateMetadataXML": "false",
   "GenerateMetadataJSON": "true",
   "GenerateAllBanksMetadata": "false",
   "GeneratePerBankMetadata": "true",
   "UseSoundBankNames": "true",
   "AllowExceedingMaxSize": "false",
   "MaxAttenuationInfo": "true",
   "EstimatedDurationInfo": "true",
   "PrintObjectGuid": "true",
   "PrintObjectPath": "true",
   "PrintObjectColor": "true"
  },
  "FileHash": "{C99D9EC9-0E38-4E27-8B21-15FBC89790EB}"
 }
}