{
 "ProjectInfo": {
  "Project": {
   "Name": "UnholySacrifise_WwiseProject",
   "GUID": "{B2593BDE-985B-4668-BC86-2E2A62EE6631}",
   "Generator": "2024.1.1.8691"
  },
  "CacheRoot": "../../../../UnholySacrifise_WwiseProject/.cache",
  "Platforms": [
   {
    "Name": "Mac",
    "GUID": "{62AEA515-B673-4514-85F4-871C154962CE}",
    "BasePlatform": "Mac",
    "BasePlatformGUID": "{9C6217D5-DD11-4795-87C1-6CE02853C540}",
    "Path": "../../../../UnholySacrifise_WwiseProject/GeneratedSoundBanks/Mac"
   },
   {
    "Name": "Web",
    "GUID": "{8071FFD4-1394-49C9-BCC3-566642741EE2}",
    "BasePlatform": "Web",
    "BasePlatformGUID": "{639AD233-23F2-4C0F-9127-79F44C15E1DA}",
    "Path": "../../../../UnholySacrifise_WwiseProject/GeneratedSoundBanks/Web"
   },
   {
    "Name": "Windows",
    "GUID": "{BA7B4F45-A144-45DC-B294-9C36AA3D6152}",
    "BasePlatform": "Windows",
    "BasePlatformGUID": "{6E0CB257-C6C8-4C5C-8366-2740DFC441EB}",
    "Path": "../../../../UnholySacrifise_WwiseProject/GeneratedSoundBanks/Windows"
   }
  ],
  "Languages": [
   {
    "Name": "English(US)",
    "Id": "684519430",
    "GUID": "{BF77FC37-1788-4FFD-80D8-19138BAD5AA1}",
    "Default": "true",
    "UseAsStandIn": "true"
   }
  ],
  "FileHash": "{C1F7326D-6A07-BF65-5E7A-F53DF597B264}"
 }
}